INSERT INTO public.animals (id, name, breed, sex, birth_date, color, weight, height, location, description, photos, seller_id, category_id, internal_code, accepts_offers, veterinary_history) VALUES
('5f29b339-309b-472c-9cba-1af4306b593e', 'REI DO DIAMANTE', 'Manga-larga Marchador', 'M', '2018-05-15', 'Tordilho', 450, 1.55, 'Belo Horizonte, MG', 'Garanhão de elite, marcha batida clássica. Genética comprovada.', ARRAY['https://images.unsplash.com/photo-1553284965-83fd3e82fa5a?auto=format&fit=crop&q=80&w=800'], '47603e52-977b-4744-922e-d6d5a4b7b296', '41525c71-f485-4910-aaa5-8ee7e85a6793', 'AN-0001', true, '{"prognata": false, "aerofagico": false, "laminite": false, "other_info": "Sa\u00fade impec\u00e1vel, exames em dia."}'),
('f59d65c1-81d7-4286-ab5e-5846ab35dc0e', 'ESTRELA DA MANHÃ', 'Manga-larga Marchador', 'F', '2020-02-10', 'Alazã', 420, 1.52, 'Itaúna, MG', 'Doadora de embriões, filha de campeões nacionais.', ARRAY['https://images.unsplash.com/photo-1598974357801-cbca100e65d3?auto=format&fit=crop&q=80&w=800'], '47603e52-977b-4744-922e-d6d5a4b7b296', '41525c71-f485-4910-aaa5-8ee7e85a6793', 'AN-0002', true, '{"prognata": false, "aerofagico": false, "cicatrizes": true, "other_info": "Pequena cicatriz no jarrete posterior esquerdo."}'),
('b702d8d4-684b-4fab-9dd5-3b70112daf7c', 'TROVÃO NEGRO', 'Quarto de Milha', 'M', '2019-11-20', 'Preto', 510, 1.58, 'Sorocaba, SP', 'Potencial para Laço e Rédeas. Explosão e docilidade.', ARRAY['https://images.unsplash.com/photo-1534073737927-85f1df9605d2?auto=format&fit=crop&q=80&w=800'], '47603e52-977b-4744-922e-d6d5a4b7b296', '41525c71-f485-4910-aaa5-8ee7e85a6793', 'AN-0003', true, '{"prognata": false, "aerofagico": false, "hypp": false}'),
('66be5105-d81f-4c73-a12a-f990c3a82cec', 'PÉROLA RARA', 'Árabe', 'F', '2021-08-05', 'Branca', 380, 1.48, 'Campinas, SP', 'Potra de extrema beleza e refinamento. Movimentação leve.', ARRAY['https://images.unsplash.com/photo-1551884831-bbf3cdc6469e?auto=format&fit=crop&q=80&w=800'], '47603e52-977b-4744-922e-d6d5a4b7b296', '41525c71-f485-4910-aaa5-8ee7e85a6793', 'AN-0004', true, '{"prognata": false, "aerofagico": false}'),
('25c59761-983e-4088-b20d-f02fa88e1b04', 'BAIO DE OURO', 'Crioulo', 'M', '2017-12-30', 'Baio', 465, 1.45, 'Bagé, RS', 'Domado, excelente para lida e provas funcionais.', ARRAY['https://images.unsplash.com/photo-1518467166778-b88f373ffec7?auto=format&fit=crop&q=80&w=800'], '47603e52-977b-4744-922e-d6d5a4b7b296', '41525c71-f485-4910-aaa5-8ee7e85a6793', 'AN-0005', true, '{"prognata": false, "aerofagico": false, "cirurgia_grave": false}');

INSERT INTO public.events (id, name, event_type, status, start_date, allows_pre_bidding, location, description, banner_url) VALUES
('a1d7853c-bc8a-492a-b02d-0d3cd540dd40', 'Leilão Virtual Elite Nordeste', 'online', 'upcoming', '2026-04-30T20:00:00+00:00', true, 'Virtual - Transmissão YouTube', 'Os melhores exemplares da raça Manga-larga Marchador.', 'https://images.unsplash.com/photo-1551884831-bbf3cdc6469e?auto=format&fit=crop&q=80&w=1200'),
('e4bfc1a3-cd96-4a3f-a7cd-10241718fba8', 'Leilão Presencial Haras Monte Belo', 'live', 'upcoming', '2026-05-03T14:00:00+00:00', false, 'Haras Monte Belo - Itaúna, MG', 'Evento presencial com transmissão ao vivo.', 'https://images.unsplash.com/photo-1598974357801-cbca100e65d3?auto=format&fit=crop&q=80&w=1200'),
('20481019-e84b-4e90-b146-bc3f666f2f2c', 'Liquidação Plantel Fazenda Hamv', 'online', 'upcoming', '2026-05-08T19:00:00+00:00', true, 'Online', 'Oportunidade única de adquirir genética hamv.', 'https://images.unsplash.com/photo-1553284965-83fd3e82fa5a?auto=format&fit=crop&q=80&w=1200'),
('f038591b-7acd-407a-94fa-d42d77868cae', 'Gala das Estrelas 2026', 'live', 'upcoming', '2026-05-13T21:00:00+00:00', true, 'Hotel Transamérica, SP', 'O leilão mais luxuoso da temporada.', 'https://images.unsplash.com/photo-1534073737927-85f1df9605d2?auto=format&fit=crop&q=80&w=1200'),
('4bc492d0-08f2-4091-b28f-265655d0a243', 'Venda Direta Especial de Outono', 'online', 'upcoming', '2026-04-29T08:00:00+00:00', false, 'Plataforma Premium Agro', 'Venda direta com preços fixos e propostas.', 'https://images.unsplash.com/photo-1518467166778-b88f373ffec7?auto=format&fit=crop&q=80&w=1200');

INSERT INTO public.lots (id, event_id, animal_id, lot_number, starting_price, current_price, bid_increment, status, allows_pre_bidding) VALUES
('e63934fe-05c9-431c-b469-cb7ccade3940', 'a1d7853c-bc8a-492a-b02d-0d3cd540dd40', '5f29b339-309b-472c-9cba-1af4306b593e', 1, 96026, 96026, 1000, 'upcoming', true),
('ef565580-29e2-4203-a780-6f68b44e017d', 'e4bfc1a3-cd96-4a3f-a7cd-10241718fba8', 'f59d65c1-81d7-4286-ab5e-5846ab35dc0e', 2, 20654, 20654, 1000, 'upcoming', false),
('6cfdb514-2519-4b3c-a74b-001ce69222c2', '20481019-e84b-4e90-b146-bc3f666f2f2c', 'b702d8d4-684b-4fab-9dd5-3b70112daf7c', 3, 97405, 97405, 1000, 'upcoming', true),
('60c836e0-ffbd-49a0-b540-c9bb07d80d59', 'f038591b-7acd-407a-94fa-d42d77868cae', '66be5105-d81f-4c73-a12a-f990c3a82cec', 4, 81034, 81034, 1000, 'upcoming', true),
('8f749dc4-34eb-4c34-9a7b-4beb9b217a53', '4bc492d0-08f2-4091-b28f-265655d0a243', '25c59761-983e-4088-b20d-f02fa88e1b04', 5, 98216, 98216, 1000, 'upcoming', false);
